"txid","refid","time","type","subtype","aclass","asset","wallet","amount","fee","balance"
"LDG0001-DEMO-EUR","QDEP-0001-DEMO","2026-09-02 06:14:22","deposit","","currency","EUR","spot / main","1000.00","0.00","1000.00"
"LDG0002-DEMO-EUR","TRD-0001-DEMO","2026-09-02 06:20:05","trade","tradespot","currency","EUR","spot / main","-500.00","1.30","498.70"
"LDG0003-DEMO-BTC","TRD-0001-DEMO","2026-09-02 06:20:05","trade","tradespot","currency","BTC","spot / main","0.00816327","0.00000000","0.00816327"
"LDG0004-DEMO-EUR","TRD-0002-DEMO","2026-09-02 06:21:40","trade","tradespot","currency","EUR","spot / main","-300.00","0.78","197.92"
"LDG0005-DEMO-ETH","TRD-0002-DEMO","2026-09-02 06:21:40","trade","tradespot","currency","ETH","spot / main","0.13043478","0.00000000","0.13043478"
"LDG0006-DEMO-ETH","STK-0909-DEMO","2026-09-09 01:00:00","staking","reward","currency","ETH","spot / main","0.00012345","0.00000000","0.13055823"
"LDG0007-DEMO-ETH","STK-0916-DEMO","2026-09-16 01:00:00","staking","reward","currency","ETH","spot / main","0.00012400","0.00000000","0.13068223"
"LDG0008-DEMO-ETH","STK-0923-DEMO","2026-09-23 01:00:00","staking","reward","currency","ETH","spot / main","0.00012388","0.00000000","0.13080611"
"LDG0009-DEMO-ETH","STK-0930-DEMO","2026-09-30 01:00:00","staking","reward","currency","ETH","spot / main","0.00012420","0.00000000","0.13093031"
"LDG0010-DEMO-BTC","WDR-0001-DEMO","2026-09-20 14:02:11","withdrawal","","currency","BTC","spot / main","-0.00500000","0.00002000","0.00314327"
