"Konto:";"Girokonto DE00000000000000000071"
"Kontostand vom 30.09.2026:";"2.436,51 €"
""
"Buchungsdatum";"Wertstellung";"Status";"Zahlungspflichtige*r";"Zahlungsempfänger*in";"Verwendungszweck";"Umsatztyp";"IBAN";"Betrag (€)";"Gläubiger-ID";"Mandatsreferenz";"Kundenreferenz"
"01.09.2026";"01.09.2026";"Gebucht";"Alex Example";"Hausverwaltung Example GmbH";"Miete 09/2026 Wohnung 3 OG links";"Ausgang";"DE00000000000000000099";"-980,00";"";"";""
"03.09.2026";"03.09.2026";"Gebucht";"Alex Example";"FRISCHMARKT DEMO MUENCHEN";"Visa Debit 4000********0071";"Ausgang";"";"-46,18";"";"";""
"05.09.2026";"05.09.2026";"Gebucht";"Alex Example";"Flimmer Demo Streaming";"Abo 09/2026 Kunde 0071";"Ausgang";"DE00000000000000000099";"-12,99";"";"";""
"08.09.2026";"08.09.2026";"Gebucht";"Alex Example";"AURELIAN AIR AUR7Q2";"Visa Debit 4000********0071 Flug MUC-LHR-MUC";"Ausgang";"";"-212,40";"";"";""
"12.09.2026";"12.09.2026";"Gebucht";"Alex Example";"FRISCHMARKT DEMO MUENCHEN";"Visa Debit 4000********0071";"Ausgang";"";"-38,72";"";"";""
"15.09.2026";"15.09.2026";"Gebucht";"Alex Example";"Sportverein Demo e.V.";"Mitgliedsbeitrag Q3/2026";"Ausgang";"DE00000000000000000099";"-24,00";"";"";""
"18.09.2026";"18.09.2026";"Gebucht";"Alex Example";"SUEDBAHN SR-2026-0916-7741";"Visa Debit 4000********0071 Online-Ticket";"Ausgang";"";"-34,90";"";"";""
"18.09.2026";"18.09.2026";"Gebucht";"Alex Example";"GA SALZBURG HBF";"Geldautomat Fremdbank, EUR 50,00";"Ausgang";"";"-50,00";"";"";""
"20.09.2026";"20.09.2026";"Gebucht";"Robin Example";"Alex Example";"Konzertkarten Kulturhaus danke";"Eingang";"DE00000000000000000099";"35,00";"";"";""
"25.09.2026";"25.09.2026";"Gebucht";"Alex Example";"PARKPOINT LINDENPLATZ";"Visa Debit 4000********0071";"Ausgang";"";"-6,00";"";"";""
"26.09.2026";"26.09.2026";"Gebucht";"Alex Example";"FRISCHMARKT DEMO MUENCHEN";"Visa Debit 4000********0071";"Ausgang";"";"-51,40";"";"";""
"30.09.2026";"30.09.2026";"Gebucht";"Alex Example";"CAFE LINDGREN";"Visa Debit 4000********0071";"Ausgang";"";"-54,30";"";"";""
