date,id,status,amount_eur,amount_refunded_eur,description,customer,payment_intent,failure_code,invoice_number
2026-10-07,ch_3UNjqrRGzbVUD2Ht11g2cz9k,succeeded,47.60,0.00,Invoice JWL-1041,cus_VOWuRBwOrFyEoD,pi_3UNjqrRGzbVUD2Ht1grC5mGl,,
2026-10-07,ch_3UNjqyRGzbVUD2Ht1xNmeHlN,failed,95.20,0.00,Invoice JWL-1043,cus_VOWucl4d14pyDU,pi_3UNjqyRGzbVUD2Ht1l7SfPPo,card_declined,
2026-10-07,ch_3UNjr3RGzbVUD2Ht0Kd0C4Y4,succeeded,120.00,40.00,Invoice JWL-1044,cus_VOWugSTMa3jzrz,pi_3UNjr3RGzbVUD2Ht0fataHFo,,
2026-10-07,ch_3UNjr9RGzbVUD2Ht0hBBaujm,succeeded,40.00,0.00,Invoice JWL-1045,cus_VOWuPMQD7wCT04,pi_3UNjr9RGzbVUD2Ht0BbW5Ug2,,
2026-10-07,ch_3UNjrJRGzbVUD2Ht1yGRThuC,succeeded,42.84,0.00,Subscription creation,cus_VOWuM68BNW9sP0,pi_3UNjrJRGzbVUD2Ht1oSPQzCF,,
2026-10-07,ch_3UNjrNRGzbVUD2Ht0z12Xv5e,succeeded,47.60,47.60,Subscription creation,cus_VOWuNfpvkGDvfU,pi_3UNjrNRGzbVUD2Ht00uwDWTN,,
2026-10-07,ch_3UNjrTRGzbVUD2Ht1e7iRLpq,succeeded,47.60,0.00,Subscription creation,cus_VOWuGISjV296FB,pi_3UNjrTRGzbVUD2Ht1FzeF2Mm,,
2026-10-07,ch_3UNjrXRGzbVUD2Ht1XUtTlxF,succeeded,149.00,0.00,"Learning day seat, Tara Sample (payment link)",cus_VOWuUWFmiiNVti,pi_3UNjrXRGzbVUD2Ht1lbY5nT5,,
2026-10-07,ch_3UNjrZRGzbVUD2Ht0rzU8l02,succeeded,119.20,0.00,"Learning day seat, Leon Beispiel (payment link), code EARLYBIRD20",cus_VOWuA9yhctpAYq,pi_3UNjrZRGzbVUD2Ht0ZjNbCy6,,
2026-10-07,ch_3UNjraRGzbVUD2Ht0LKJ4hVv,succeeded,149.00,149.00,"Learning day seat, Ines Demo (payment link)",cus_VOWuBVcBqN4ue0,pi_3UNjraRGzbVUD2Ht0M0P3t91,,
2026-10-07,ch_3UNjrdRGzbVUD2Ht1gYZ1Jit,succeeded,149.00,0.00,"Learning day seat, Kim Example (payment link)",cus_VOWuy9kUUeP5EP,pi_3UNjrdRGzbVUD2Ht1hhMTX3Y,,
2026-10-07,ch_3UNjrgRGzbVUD2Ht00wpDlS5,succeeded,1071.00,0.00,JWL-1040 (paid with payment link),cus_VOWusp6aRbcsKO,pi_3UNjrgRGzbVUD2Ht02ym3fph,,JWL-1040
