"Umsatzanzeige";"Alpenbank Demo AG (fiktiv)"
"Konto";"DE00 0000 0000 0000 0000 10 (ungültig, fiktiv)"
"Zeitraum";"01.09.2026 - 30.09.2026"
"Anfangssaldo";"18.240,55 EUR"
"Endsaldo";"20.506,83 EUR"

"Buchungstag";"Valuta";"Auftraggeber/Empfänger";"Verwendungszweck";"Betrag";"Währung"
"01.09.2026";"01.09.2026";"LINDWURM HOEFE VERWALTUNG GMBH";"SEPA-Lastschrift Miete 09/2026 Mandat LHV-0042";"-1.190,00";"EUR"
"12.09.2026";"12.09.2026";"VISA DEBIT";"FORMFLOW.EXAMPLE DUBLIN Karte ****0010";"-30,00";"EUR"
"14.09.2026";"14.09.2026";"VISA DEBIT";"MEETNOTE.EXAMPLE USD 30,00 Kurs 1,1580 Karte ****0010";"-25,91";"EUR"
"15.09.2026";"15.09.2026";"FERN SAMPLE STUDIO GMBH";"JWL-1031";"1.071,00";"EUR"
"16.09.2026";"16.09.2026";"CIRCUIT & CO.";"CC-26-0903-12";"-1.797,00";"EUR"
"18.09.2026";"18.09.2026";"MOSS TRAINING COLLECTIVE";"Invoice JWL-1032";"1.200,00";"EUR"
"20.09.2026";"20.09.2026";"SAMPLE & PARTNER STEUERBERATUNG";"Rechnung SP-2026-0815 Buchhaltung 08/2026";"-285,60";"EUR"
"24.09.2026";"24.09.2026";"PAYLATER DEMO GMBH";"KK-O-55102 KABELKISTE ONLINE";"-89,90";"EUR"
"24.09.2026";"24.09.2026";"ESTUDIO EJEMPLO SL";"JWL-1033";"800,00";"EUR"
"25.09.2026";"25.09.2026";"VISA DEBIT";"MARKTPLATZ DEMO*7Q2X Karte ****0010";"-64,99";"EUR"
"29.09.2026";"29.09.2026";"CEDAR GROUP SERVICES GMBH";"Rechnung JWL-1034 Cedar Demo Analytics";"1.434,90";"EUR"
"30.09.2026";"01.10.2026";"HARBOUR LANE CONSULTING LTD";"INV JWL-1035 GBP 1.100,00 Kurs 0,8650";"1.271,68";"EUR"
"30.09.2026";"30.09.2026";"ALPENBANK DEMO AG";"Entgelt Auslandszahlungseingang SWIFT";"-15,00";"EUR"
"30.09.2026";"30.09.2026";"ALPENBANK DEMO AG";"Kontoführung 09/2026";"-12,90";"EUR"
